Paw_1_Median stride time,Paw_1_Mean stride time,Paw_1_Kvar stride time,Paw_1_Frac stride time,Paw_1_Median stride intl,Paw_1_Mean stride intl,Paw_1_Kvar stride intl,Paw_1_Frac stride intl,Paw_2_Median stride time,Paw_2_Mean stride time,Paw_2_Kvar stride time,Paw_2_Frac stride time,Paw_2_Median stride intl,Paw_2_Mean stride intl,Paw_2_Kvar stride intl,Paw_2_Frac stride intl,Paw_3_Median stride time,Paw_3_Mean stride time,Paw_3_Kvar stride time,Paw_3_Frac stride time,Paw_3_Median stride intl,Paw_3_Mean stride intl,Paw_3_Kvar stride intl,Paw_3_Frac stride intl,Paw_4_Median stride time,Paw_4_Mean stride time,Paw_4_Kvar stride time,Paw_4_Frac stride time,Paw_4_Median stride intl,Paw_4_Mean stride intl,Paw_4_Kvar stride intl,Paw_4_Frac stride intl
5.0,5.172413793103448,0.5204271749672997,0.004340277777777778,20.5,1224.357142857143,2.531911001874867,0.9956597222222222,5.0,5.545454545454546,0.17807836870820024,0.0017650462962962962,398.0,3050.2,2.047626842126256,0.9982349537037037,5.0,10.41304347826087,1.7753565557535465,0.013859953703703704,44.0,727.7777777777778,3.885440430320318,0.9861400462962963,5.0,5.117647058823529,0.13205891141466736,0.0025173611111111113,91.0,1780.375,1.9404495780725675,0.9974826388888889
5.0,7.088235294117647,0.5204616434555963,0.006216146505029662,20.0,716.3939393939394,2.6655533240287843,0.9937838534949703,5.5,7.3,0.4246575342465753,0.001882899148826412,17.0,2082.5555555555557,2.8051700623860563,0.9981171008511736,5.0,5.083333333333333,0.1876315269222885,0.00314676296105236,62.0,1615.608695652174,1.6297982665832216,0.9968532370389477,5.0,6.0,0.31426968052735443,0.0013928295073510446,14.5,18.5,0.6222088882822344,0.9986071704926489
5.0,5.26984126984127,0.3084078490643422,0.0433420365535248,16.0,114.09677419354838,3.69427129070955,0.9566579634464752,5.0,5.0,0.34512477614786097,0.0293733681462141,14.0,128.6818181818182,3.37222550205485,0.970626631853786,5.0,5.045454545454546,0.1114352871788557,0.014490861618798955,27.0,329.9047619047619,2.651394673016029,0.985509138381201,5.0,6.4772727272727275,0.5125570031132568,0.03720626631853786,23.0,163.62790697674419,3.6288472150506275,0.9627937336814621
5.0,28.222772277227723,3.768715081167293,0.1389945387165984,28.0,197.30348258706468,1.8373401792323458,0.8610054612834016,5.0,7.178451178451178,1.467600870089531,0.051979715233079773,26.0,138.3783783783784,2.5951533609250497,0.9480202847669202,5.0,9.291553133514986,2.2269795493741382,0.08313828749756193,35.5,109.24590163934427,1.807339153207223,0.9168617125024381,5.0,7.386029411764706,1.671679559062446,0.0489808855080944,25.0,150.61254612546125,4.468363098910797,0.9510191144919056
5.0,8.037735849056604,1.8012505115638353,0.04630434782608696,24.0,153.60663507109004,2.5531463043438003,0.953695652173913,5.0,6.205128205128205,0.40668379389478,0.0065760869565217395,33.5,868.9736842105264,2.14311541111845,0.9934239130434782,5.0,9.23495145631068,4.29689965438163,0.1292391304347826,25.0,70.70428015564202,2.1672995516126723,0.8707608695652174,5.0,14.505791505791505,3.808055181794599,0.10209239130434783,28.0,142.28682170542635,2.7153599684685275,0.8979076086956522
5.0,7.9772727272727275,2.199197690794106,0.07240472384095714,29.0,109.61538461538461,1.775790342871977,0.9275952761590428,5.0,9.816638370118845,4.614666218429072,0.14908978392037542,21.0,64.99319727891157,3.1762587494653083,0.8509102160796246,5.0,14.836185819070904,4.086786547148844,0.15646433912639884,25.0,91.86764705882354,2.006181326151922,0.8435356608736011,5.0,7.429012345679013,1.1867338072021147,0.12412975091537311,23.0,56.79289026275116,2.3538005614182542,0.8758702490846269
5.0,8.228,3.2936988083470524,0.05526301649562087,38.0,144.9277108433735,2.2327894259147154,0.9447369835043792,5.0,6.336,0.608361408517836,0.06383321691472785,29.0,99.20053475935829,1.8757707973783944,0.9361667830852721,5.0,7.328467153284672,1.4909852232405432,0.13486647681478695,25.0,53.87573099415204,1.6347851921228012,0.8651335231852131,5.0,6.862007168458781,2.0773252842955707,0.10286927086131857,19.0,66.65529622980252,3.1599620095740866,0.8971307291386814
5.0,6.2155172413793105,0.4502803349633099,0.03881143349302901,14.0,140.55411255411255,7.275719840269451,0.9611885665069709,5.0,5.182608695652174,0.19309157558142015,0.01604134144372073,21.5,33.99122807017544,1.1852885246118277,0.9839586585562793,5.0,6.1923076923076925,0.5089673766645246,0.038999838509985466,13.0,50.25321888412017,7.102386404975488,0.9610001614900145,5.0,5.665254237288136,0.4108509694598707,0.03598535823868224,12.0,15.306382978723404,1.014111873449764,0.9640146417613178
5.0,7.098765432098766,0.9757901165756933,0.04684190517569109,22.5,151.3181818181818,2.3285918169261177,0.9531580948243089,5.0,8.520114942528735,3.217127449854175,0.08051376744691251,23.0,105.45244956772335,2.374815029873395,0.9194862325530875,5.0,9.006263048016702,1.9934964043083954,0.11714549503068485,29.5,76.6213389121339,1.5532099031671431,0.8828545049693152,5.0,9.455172413793104,3.2644134544674093,0.1116873947754304,22.0,84.79953917050692,3.0025676552248513,0.8883126052245696
5.0,38.875,4.278445282267107,0.09457068612815835,24.0,372.08045977011494,2.2835568652218985,0.9054293138718417,5.0,8.204819277108435,2.0645335792010604,0.018825675899817547,36.0,420.6341463414634,2.2157854810729143,0.9811743241001825,5.0,8.67251461988304,2.572370833598192,0.08199259136396307,30.0,104.14076246334311,2.0043001343838562,0.9180074086360369,5.0,9.860869565217392,4.369569422117094,0.062696964670758,21.0,142.55458515283843,2.8787721990887505,0.937303035329242
5.0,5.657534246575342,0.34020878358350715,0.011233204591198389,30.5,429.1111111111111,2.4987153794041443,0.9887667954088016,5.0,7.845238095238095,0.9714469915390278,0.017924169069248763,21.0,416.421686746988,3.069710210425178,0.9820758309307512,5.0,8.14186046511628,1.7351508961923219,0.09522384812054616,26.0,83.96503496503496,1.9235543688825154,0.9047761518794538,5.0,8.837209302325581,1.913507171476203,0.020671272371212534,67.0,423.47058823529414,1.9061043596151077,0.9793287276287874
5.0,5.48,0.32282254580286107,0.0067926025088006345,47.0,551.8571428571429,2.001925156999912,0.9932073974911994,5.0,7.4,1.053187446940471,0.0036689969755565473,431.0,586.3157894736842,0.954644832887987,0.9963310030244434,5.0,7.110332749562172,1.763604864608075,0.10064951162675392,19.0,59.333333333333336,2.491814318709877,0.899350488373246,5.0,5.90158371040724,0.48083673835055235,0.1293321433883683,16.0,44.578708946772366,3.433741129318121,0.8706678566116317
5.0,5.48062015503876,0.32297910657191303,0.01933490127440792,16.0,239.9765625,3.1300307608335536,0.980665098725592,5.0,36.166666666666664,5.340780224153163,0.04747579718864519,31.0,595.063829787234,2.2120521345258544,0.9525242028113549,5.0,7.633245382585752,1.698537133284847,0.07911721271126183,27.5,93.66666666666667,2.0863364649862928,0.9208827872887382,5.0,6.099173553719008,0.5835532258528734,0.0605480501011869,16.0,75.95580110497238,3.1246855651301235,0.9394519498988131
5.0,8.544871794871796,2.681128207015322,0.036933392441538294,31.0,224.76774193548388,2.527101215402649,0.9630666075584617,6.0,11.107913669064748,1.8306956370032386,0.04277956333813587,27.0,260.9492753623188,2.7178025457532273,0.9572204366618641,5.0,11.430939226519337,3.20744428573119,0.05732572315194503,56.5,197.50555555555556,1.9104468111314723,0.9426742768480549,5.0,14.410852713178295,3.6532427168602775,0.05150725922642137,39.0,278.5234375,2.69109646417803,0.9484927407735786
5.0,6.452830188679245,0.7660707110476755,0.027602905569007265,25.5,226.6139240506329,3.0757976139867256,0.9723970944309928,5.0,5.08,0.18398931410311686,0.0034167339252085013,15.5,1314.375,2.725890227679658,0.9965832660747915,5.0,7.183600713012478,1.9957159999807044,0.10842076943771858,23.0,66.31428571428572,2.9289549709821117,0.8915792305622814,5.0,11.051612903225806,2.255385056603209,0.04608555286521388,25.5,235.16233766233765,3.0540508599795695,0.9539144471347861
5.0,6.690476190476191,1.2954372124728124,0.023408863712095968,37.0,277.024,2.317934575778272,0.9765911362879041,5.0,5.651376146788991,0.378507936133854,0.01710540930800844,22.5,310.1296296296296,2.8386834243192167,0.9828945906919916,5.0,7.236252545824847,1.3667416703480955,0.09866155725869155,21.0,71.52448979591837,2.341028017459925,0.9013384427413085,5.0,6.454417952314166,0.5649032987648754,0.12779073642119293,17.0,50.16011235955056,4.0391347811025495,0.872209263578807
5.0,27.987179487179485,4.539647413008179,0.12127104049775013,20.0,220.84516129032258,2.9361167644002393,0.8787289595022498,5.0,5.12,0.39574766068481054,0.007110716071329371,18.0,644.4081632653061,3.1916996579158265,0.9928892839286706,5.0,6.902298850574713,1.5879596011681076,0.13343703127604023,19.0,51.08057553956834,2.7165589600765534,0.8665629687239598,5.0,8.89318600368324,3.557846024955661,0.134131437142381,17.0,66.17527675276753,3.566426452993824,0.865868562857619
5.0,7.055555555555555,0.6144255488157292,0.010585097516252709,32.0,657.4905660377359,2.992376763847338,0.9894149024837473,5.0,10.790697674418604,1.9614602905647984,0.012891037395121409,29.0,797.7380952380952,3.392838198057586,0.9871089626048786,5.0,6.251693002257336,0.8655547142262207,0.15388675890426182,18.0,40.55367231638418,2.6663714587339316,0.8461132410957382,5.0,6.670886075949367,1.0976640535862363,0.08784797466244373,19.0,75.87949260042284,3.0526177533834655,0.9121520253375562
5.0,26.555555555555557,5.973137846117085,0.07962685324004665,34.0,317.23364485981307,2.349683868245284,0.9203731467599534,5.0,8.476190476190476,2.3202968130922073,0.049419734577155865,17.0,165.07655502392345,3.168398854483009,0.9505802654228441,5.0,7.6195028680688335,2.2363381301250302,0.11063912488200345,20.0,67.01724137931035,2.6113946616855412,0.8893608751179966,5.0,5.711538461538462,0.4338820751595861,0.024737631184407798,17.0,211.47096774193548,3.345740803395422,0.9752623688155923
5.0,6.689655172413793,1.363058538368799,0.020895040120631158,29.0,301.90434782608696,3.6126796262007876,0.9791049598793689,5.0,11.14406779661017,4.432236459569934,0.03540847649307986,21.0,277.6837606837607,4.471214548319509,0.9645915235069201,5.0,7.1400437636761485,1.9938008600305208,0.08786148957940654,20.0,81.35964912280701,3.877339962311696,0.9121385104205935,5.0,6.596715328467154,1.0487295919688084,0.09733965210835263,21.0,67.75319926873857,3.3742244960514856,0.9026603478916474
5.0,5.894736842105263,0.4241776257221323,0.006222567920440025,24.0,72.54054054054055,1.4451123237693917,0.9937774320795599,5.0,11.778723404255318,1.9984080351571818,0.07689316073115172,29.0,118.75641025641026,2.928236826358918,0.9231068392688483,5.0,5.578651685393258,0.4358639401803624,0.05516973165175843,19.0,101.12957746478874,3.745514405789932,0.9448302683482416,5.0,6.622559652928416,0.5516241946700561,0.2544308017112062,15.0,25.955861070911723,3.6759840017746828,0.7455691982887939
5.0,10.74025974025974,3.0208505234090017,0.022892099872667885,29.0,382.2894736842105,2.0247664436395265,0.9771079001273321,5.0,5.9375,1.0087154827838007,0.005259369982837846,119.0,918.1290322580645,2.147085088433732,0.9947406300171622,5.0,7.775100401606426,2.695148348276955,0.05359021203565299,30.0,144.5766129032258,2.1830512129396253,0.946409787964347,5.0,11.614035087719298,4.207389624399493,0.1282732657919504,18.0,79.36180904522612,2.9566708273399405,0.8717267342080496
5.0,5.795698924731183,0.5167333936025644,0.02990457168220151,18.0,192.96756756756756,2.434000273805547,0.9700954283177985,5.0,5.488372093023256,0.5277422873539074,0.006546826453617399,24.5,825.3095238095239,2.4717323385278998,0.9934531735463826,5.0,7.787878787878788,2.0613993907613812,0.12119951176209498,27.0,64.29642857142858,1.5945930956492205,0.878800488237905,5.0,7.358851674641149,1.1189303465326936,0.042665335108743895,22.0,164.48076923076923,3.1249090100775962,0.9573346648912561
5.0,5.857142857142857,0.6201552261020058,0.019817294214316786,26.0,270.10791366906477,2.7154234619186957,0.9801827057856832,5.0,93.42857142857143,4.888998355213627,0.12644400406012857,29.0,750.1818181818181,1.820328967439731,0.8735559959398714,5.0,7.089958158995816,1.1506562263462607,0.08190342694185315,22.0,84.45283018867924,2.630748918891277,0.9180965730581468,5.0,10.964285714285714,4.164485878315718,0.022258204843153367,48.0,428.6024096385542,2.245681467755832,0.9777417951568467
5.0,7.2,2.246367667028987,0.023980016652789343,17.0,272.6806722689076,3.3914492554142504,0.9760199833472106,5.0,9.82258064516129,3.7714667338479706,0.016902581182348043,21.0,543.1639344262295,3.7074958985823567,0.983097418817652,5.0,7.660592255125285,1.4936809243647695,0.09333888426311407,26.0,81.08447488584476,5.0607293126993556,0.9066611157368859,5.0,15.839473684210526,4.369595452947597,0.16705523175131834,35.0,94.60949868073878,3.0054226549171714,0.8329447682486817
5.0,14.538461538461538,5.080659006267165,0.05229373028609374,32.0,236.94573643410854,2.777089632610749,0.9477062697139063,5.0,5.574074074074074,0.32863507944425324,0.008328260749266781,29.0,361.62264150943395,4.4704630821156695,0.9916717392507333,5.0,10.292682926829269,2.7728585003578834,0.07005699739914781,29.0,145.35102040816327,2.949413066411933,0.9299430026008522,5.0,6.482142857142857,0.9972261538754136,0.04017486580709424,23.0,143.69955156950672,4.798811608836149,0.9598251341929057
5.0,6.313253012048193,0.5386549688399576,0.01441857905453745,33.0,373.6219512195122,2.881236450731117,0.9855814209454625,5.0,5.8,0.3537635263566068,0.006383798360024214,32.0,838.7435897435897,2.8895263195100287,0.9936162016399758,5.0,7.106060606060606,1.289456977449618,0.14195696439381433,19.0,50.004137931034485,2.510633048439343,0.8580430356061857,5.0,6.908438061041292,1.3553892774576008,0.10588300038522921,18.0,65.29856115107914,2.930946707072018,0.8941169996147708
5.0,5.700787401574803,0.7003838443164186,0.01964295403982853,20.5,291.6825396825397,6.26006145178519,0.9803570459601715,5.0,9.272727272727273,0.9475377346335089,0.005534755005697542,95.0,1602.5238095238096,2.2909953959271268,0.9944652449943024,5.0,48.333333333333336,4.1251411534960045,0.035406153345271044,93.5,1332.9615384615386,2.8592868139401495,0.9645938466547289,5.0,58.787234042553195,3.6190913825016398,0.07496337294481524,97.5,795.8695652173913,3.00212397451564,0.9250366270551847
5.0,6.26063829787234,0.7415653638563361,0.03138666666666667,23.0,185.98395721925132,3.343993109155719,0.9686133333333333,5.0,13.0,3.909529146323967,0.0156,22.5,729.0681818181819,2.158861055037288,0.9844,5.0,8.861971830985915,1.8621528508131322,0.08389333333333333,27.0,105.20056497175142,2.300429719716073,0.9161066666666666,5.0,9.114285714285714,4.663757744013696,0.06805333333333333,15.0,124.53763440860214,4.588101704116591,0.9319466666666667
5.0,6.376712328767123,0.8935704168220061,0.02554604324442981,24.0,174.28275862068966,4.01856289137857,0.9744539567555702,5.0,6.009090909090909,0.6081412146000533,0.018137416309955,17.0,220.0275229357798,3.2036468092150536,0.981862583690045,5.0,9.53103448275862,2.052206841531901,0.0758423883218088,31.0,96.37370242214533,2.467446005101647,0.9241576116781912,5.0,8.2734375,1.780040726077787,0.0290582811985512,43.0,267.2283464566929,3.132413938736484,0.9709417188014487
5.0,5.3544303797468356,0.37356734326483654,0.011064608945854041,20.5,415.97435897435895,4.642135601619728,0.988935391054146,5.0,22.93548387096774,4.459736343564656,0.05579387915249804,37.5,363.5978260869565,2.145017733269993,0.944206120847502,5.0,6.462686567164179,0.8408105399043498,0.06795710175255035,18.0,94.88528678304239,3.617505685559321,0.9320428982474497,5.0,8.37037037037037,1.440488067843717,0.011823175516609993,64.0,717.5849056603773,3.1117659925590493,0.9881768244833901
5.0,5.8118081180811805,0.46666105168849625,0.04068505889646621,19.5,119.11851851851851,3.6613592667948796,0.9593149411035338,5.0,5.587155963302752,0.4530591621932489,0.015731556106633602,23.0,280.3240740740741,2.552661956481499,0.9842684438933664,5.0,5.820627802690583,0.44152299726790684,0.033529654887373424,16.5,147.4189189189189,2.8885060404635334,0.9664703451126265,5.0,11.196969696969697,3.581969118242014,0.11453812771233726,23.0,97.78481012658227,2.8603503873572507,0.8854618722876627
5.0,6.087301587301587,0.44535333342783834,0.019087198885128408,13.0,320.152,10.642703158625029,0.9809128011148716,5.0,5.142857142857143,0.2145672264121568,0.005375273740792355,28.0,43.36585365853659,1.2791867183458492,0.9946247262592076,5.0,6.622047244094488,1.4726543654629056,0.020928727851881344,14.0,303.8253968253968,4.527919800347689,0.9790712721481186,5.0,5.288659793814433,0.27145255649948086,0.012766275134381843,13.0,132.23958333333334,8.22014177410703,0.9872337248656181
5.0,6.052132701421801,0.5791666684221453,0.03488118000546299,22.5,171.46666666666667,2.3502544046891307,0.965118819994537,5.0,5.8108108108108105,0.31207881297146517,0.005872712373668397,27.5,882.5555555555555,2.290727696646288,0.9941272876263316,5.0,9.256317689530686,2.215041748126978,0.07003550942365475,35.5,132.3804347826087,2.5094559078699787,0.9299644905763452,5.0,7.416107382550336,1.680673018082806,0.09054903031958482,21.0,82.00224215246637,3.153510285799978,0.9094509696804152
5.0,21.934426229508198,4.712281696788258,0.06972018133500078,36.0,294.68595041322317,2.131385461071937,0.9302798186649992,5.0,6.127659574468085,0.5471036779382681,0.015007034547444115,29.0,263.98924731182797,4.658674122272207,0.9849929654525559,5.0,7.642335766423358,2.2941078222827276,0.05455682351102079,30.0,136.5201465201465,2.619186356432452,0.9454431764889792,5.0,6.804154302670623,0.9640088738386984,0.05974154551612735,20.0,113.10714285714286,4.105797441969844,0.9402584544838727
5.0,7.666666666666667,1.4563299974081245,0.0278404401650619,35.0,269.31297709923666,2.4837157485998813,0.9721595598349381,5.0,33.88461538461539,6.095942769005742,0.04847317744154058,19.0,655.2745098039215,2.4359873434405106,0.9515268225584594,5.0,6.716763005780347,0.960232104471205,0.0959009628610729,26.0,69.93822393822394,1.684181315500313,0.9040990371389271,5.0,7.311538461538461,2.146526254334449,0.05229711141678129,23.0,139.26254826254825,2.902796038715365,0.9477028885832187
5.0,8.238636363636363,4.21659097812597,0.05690440060698027,20.0,141.39163498098858,2.546361248346843,0.9430955993930197,5.0,5.6521739130434785,0.40817098169254756,0.017005912825074566,28.5,304.6929824561403,2.893067325871041,0.9829940871749254,5.0,8.443859649122807,3.2236119154167433,0.1259222437339752,22.0,66.68189806678383,2.5609088585428528,0.8740777562660248,5.0,7.432584269662922,1.9814167142278643,0.06922714666945738,29.0,107.33802816901408,2.3305896992926436,0.9307728533305426
5.0,38.875,4.278445282267107,0.09457068612815835,24.0,372.08045977011494,2.2835568652218985,0.9054293138718417,5.0,8.204819277108435,2.0645335792010604,0.018825675899817547,36.0,420.6341463414634,2.2157854810729143,0.9811743241001825,5.0,8.67251461988304,2.572370833598192,0.08199259136396307,30.0,104.14076246334311,2.0043001343838562,0.9180074086360369,5.0,9.860869565217392,4.369569422117094,0.062696964670758,21.0,142.55458515283843,2.8787721990887505,0.937303035329242
5.0,5.657534246575342,0.34020878358350715,0.011233204591198389,30.5,429.1111111111111,2.4987153794041443,0.9887667954088016,5.0,7.845238095238095,0.9714469915390278,0.017924169069248763,21.0,416.421686746988,3.069710210425178,0.9820758309307512,5.0,8.14186046511628,1.7351508961923219,0.09522384812054616,26.0,83.96503496503496,1.9235543688825154,0.9047761518794538,5.0,8.837209302325581,1.913507171476203,0.020671272371212534,67.0,423.47058823529414,1.9061043596151077,0.9793287276287874
5.0,5.48,0.32282254580286107,0.0067926025088006345,47.0,551.8571428571429,2.001925156999912,0.9932073974911994,5.0,7.4,1.053187446940471,0.0036689969755565473,431.0,586.3157894736842,0.954644832887987,0.9963310030244434,5.0,7.110332749562172,1.763604864608075,0.10064951162675392,19.0,59.333333333333336,2.491814318709877,0.899350488373246,5.0,5.90158371040724,0.48083673835055235,0.1293321433883683,16.0,44.578708946772366,3.433741129318121,0.8706678566116317
5.0,5.48062015503876,0.32297910657191303,0.01933490127440792,16.0,239.9765625,3.1300307608335536,0.980665098725592,5.0,36.166666666666664,5.340780224153163,0.04747579718864519,31.0,595.063829787234,2.2120521345258544,0.9525242028113549,5.0,7.633245382585752,1.698537133284847,0.07911721271126183,27.5,93.66666666666667,2.0863364649862928,0.9208827872887382,5.0,6.099173553719008,0.5835532258528734,0.0605480501011869,16.0,75.95580110497238,3.1246855651301235,0.9394519498988131
5.0,8.544871794871796,2.681128207015322,0.036933392441538294,31.0,224.76774193548388,2.527101215402649,0.9630666075584617,6.0,11.107913669064748,1.8306956370032386,0.04277956333813587,27.0,260.9492753623188,2.7178025457532273,0.9572204366618641,5.0,11.430939226519337,3.20744428573119,0.05732572315194503,56.5,197.50555555555556,1.9104468111314723,0.9426742768480549,5.0,14.410852713178295,3.6532427168602775,0.05150725922642137,39.0,278.5234375,2.69109646417803,0.9484927407735786
5.0,6.452830188679245,0.7660707110476755,0.027602905569007265,25.5,226.6139240506329,3.0757976139867256,0.9723970944309928,5.0,5.08,0.18398931410311686,0.0034167339252085013,15.5,1314.375,2.725890227679658,0.9965832660747915,5.0,7.183600713012478,1.9957159999807044,0.10842076943771858,23.0,66.31428571428572,2.9289549709821117,0.8915792305622814,5.0,11.051612903225806,2.255385056603209,0.04608555286521388,25.5,235.16233766233765,3.0540508599795695,0.9539144471347861
5.0,27.987179487179485,4.539647413008179,0.12127104049775013,20.0,220.84516129032258,2.9361167644002393,0.8787289595022498,5.0,5.12,0.39574766068481054,0.007110716071329371,18.0,644.4081632653061,3.1916996579158265,0.9928892839286706,5.0,6.902298850574713,1.5879596011681076,0.13343703127604023,19.0,51.08057553956834,2.7165589600765534,0.8665629687239598,5.0,8.89318600368324,3.557846024955661,0.134131437142381,17.0,66.17527675276753,3.566426452993824,0.865868562857619
5.0,7.055555555555555,0.6144255488157292,0.010585097516252709,32.0,657.4905660377359,2.992376763847338,0.9894149024837473,5.0,10.790697674418604,1.9614602905647984,0.012891037395121409,29.0,797.7380952380952,3.392838198057586,0.9871089626048786,5.0,6.251693002257336,0.8655547142262207,0.15388675890426182,18.0,40.55367231638418,2.6663714587339316,0.8461132410957382,5.0,6.670886075949367,1.0976640535862363,0.08784797466244373,19.0,75.87949260042284,3.0526177533834655,0.9121520253375562
5.0,26.555555555555557,5.973137846117085,0.07962685324004665,34.0,317.23364485981307,2.349683868245284,0.9203731467599534,5.0,8.476190476190476,2.3202968130922073,0.049419734577155865,17.0,165.07655502392345,3.168398854483009,0.9505802654228441,5.0,7.6195028680688335,2.2363381301250302,0.11063912488200345,20.0,67.01724137931035,2.6113946616855412,0.8893608751179966,5.0,5.711538461538462,0.4338820751595861,0.024737631184407798,17.0,211.47096774193548,3.345740803395422,0.9752623688155923
5.0,6.076530612244898,0.5277710943444541,0.022239235164506852,19.0,269.08717948717947,3.880912271328552,0.9777607648354931,6.0,6.0,0.1781741612749496,0.0007842551443402921,45.5,270.5,1.7648649711912403,0.9992157448556597,5.0,6.723958333333333,2.100780389714043,0.14463905590618814,16.0,46.4735013032146,6.203933520376821,0.8553609440938118,5.0,6.40045377197958,0.6195405194650522,0.2107032154460918,16.0,30.1583427922815,3.6567103054579917,0.7892967845539082
,,,,,,,,,,,,,,,,,,,,,,,,,,,,,,,
5.0,6.786885245901639,0.6919677080630596,0.08045083560046638,21.0,81.53051643192488,3.6791700051039125,0.9195491643995336,5.0,5.7153284671532845,0.4573121469373154,0.021736716451057687,17.0,197.89705882352942,4.689594677144087,0.9782632835489423,5.0,7.306666666666667,0.9848876735719926,0.12170340347565377,25.0,59.90818030050084,2.5802538066855787,0.8782965965243462,5.0,7.1075,1.921116835682991,0.07892399089445339,20.0,83.734335839599,3.39134502232705,0.9210760091055467
5.0,5.6875,0.330219323105862,0.0050549938895678255,193.0,487.1290322580645,2.099884053990349,0.9949450061104321,5.0,6.170212765957447,1.0642387151415718,0.008054660593267414,17.5,482.5217391304348,3.135273241677967,0.9919453394067326,5.0,6.9933554817275745,1.083685737584866,0.05846572603044106,23.0,119.34333333333333,4.856122723467554,0.9415342739695589,5.0,7.05050505050505,1.2690603931617839,0.07754693922897456,20.0,89.54430379746836,3.6997596919625053,0.9224530607710254
5.0,6.014084507042254,0.6311551445753855,0.011859134588679664,46.5,477.6857142857143,3.246753633832564,0.9881408654113203,5.0,5.4411764705882355,0.2567994274642098,0.005138032550130534,15.0,1000.5454545454545,3.406647864730892,0.9948619674498694,5.0,6.311320754716981,0.4079622273458306,0.018580236627228797,18.0,324.6380952380952,4.410827785932356,0.9814197633727713,5.0,5.7,0.47541377980591015,0.009498416930511582,15.0,568.457627118644,6.51401182316329,0.9905015830694884
5.0,5.116883116883117,0.23774018329637547,0.010942620674332056,21.0,449.5657894736842,5.0163588049837475,0.989057379325668,5.0,4.961538461538462,0.23593584979149296,0.010748208631894685,21.0,393.16883116883116,3.13796857485872,0.9892517913681054,5.0,6.803921568627451,1.028738293349252,0.2023829361773038,15.0,33.21495327102804,2.8551282027052154,0.7976170638226963,5.0,6.347368421052631,0.6506227945174745,0.05024162639560073,21.0,121.67957746478874,5.017360054220463,0.9497583736043993
5.0,9.73076923076923,2.761946621208023,0.01402672284748018,22.0,673.6274509803922,2.603369534771655,0.9859732771525198,5.0,11.0,2.7595730362713846,0.01097743527194101,33.0,953.2,2.8533584930333924,0.9890225647280589,5.0,5.988906497622821,0.8913903375969789,0.1047568886178411,20.0,57.12698412698413,2.977591768569503,0.8952431113821588,5.0,7.0588235294117645,1.0480636908127292,0.02661196429561457,19.0,258.77037037037036,3.861117201981036,0.9733880357043855
5.0,12.641509433962264,2.9820504581623637,0.0524749373433584,29.5,181.8987341772152,2.1348954486862466,0.9475250626566416,5.0,10.340819022457067,1.5230283673700002,0.20436507936507936,28.0,50.59920634920635,1.3273059169275376,0.7956349206349206,5.0,10.175257731958762,2.954322746870084,0.15460526315789475,21.0,59.79690189328743,3.0717080964407693,0.8453947368421053,5.0,17.767605633802816,2.1988762842809257,0.13173558897243107,35.0,133.21201413427562,4.299565700290964,0.8682644110275689
5.0,6.196551724137931,0.7053388893748643,0.04345197794757714,21.0,142.79584775086505,2.617374642478965,0.9565480220524228,5.0,5.28,0.3731397077583257,0.0031917980462327113,12.0,797.7083333333334,4.7184648708198145,0.9968082019537673,5.0,8.123348017621145,2.1389178689370265,0.08917690298868362,32.0,89.6158940397351,1.7002544657654122,0.9108230970113164,5.0,20.123711340206185,5.072519704503862,0.047199922623077664,82.0,425.8645833333333,1.8670836834123026,0.9528000773769223
5.0,6.376712328767123,0.8935704168220061,0.02554604324442981,24.0,174.28275862068966,4.01856289137857,0.9744539567555702,5.0,6.009090909090909,0.6081412146000533,0.018137416309955,17.0,220.0275229357798,3.2036468092150536,0.981862583690045,5.0,9.53103448275862,2.052206841531901,0.0758423883218088,31.0,96.37370242214533,2.467446005101647,0.9241576116781912,5.0,8.2734375,1.780040726077787,0.0290582811985512,43.0,267.2283464566929,3.132413938736484,0.9709417188014487
5.0,5.3544303797468356,0.37356734326483654,0.011064608945854041,20.5,415.97435897435895,4.642135601619728,0.988935391054146,5.0,22.93548387096774,4.459736343564656,0.05579387915249804,37.5,363.5978260869565,2.145017733269993,0.944206120847502,5.0,6.462686567164179,0.8408105399043498,0.06795710175255035,18.0,94.88528678304239,3.617505685559321,0.9320428982474497,5.0,8.37037037037037,1.440488067843717,0.011823175516609993,64.0,717.5849056603773,3.1117659925590493,0.9881768244833901
5.0,5.8118081180811805,0.46666105168849625,0.04068505889646621,19.5,119.11851851851851,3.6613592667948796,0.9593149411035338,5.0,5.587155963302752,0.4530591621932489,0.015731556106633602,23.0,280.3240740740741,2.552661956481499,0.9842684438933664,5.0,5.820627802690583,0.44152299726790684,0.033529654887373424,16.5,147.4189189189189,2.8885060404635334,0.9664703451126265,5.0,11.196969696969697,3.581969118242014,0.11453812771233726,23.0,97.78481012658227,2.8603503873572507,0.8854618722876627
5.0,6.087301587301587,0.44535333342783834,0.019087198885128408,13.0,320.152,10.642703158625029,0.9809128011148716,5.0,5.142857142857143,0.2145672264121568,0.005375273740792355,28.0,43.36585365853659,1.2791867183458492,0.9946247262592076,5.0,6.622047244094488,1.4726543654629056,0.020928727851881344,14.0,303.8253968253968,4.527919800347689,0.9790712721481186,5.0,5.288659793814433,0.27145255649948086,0.012766275134381843,13.0,132.23958333333334,8.22014177410703,0.9872337248656181
5.0,5.71875,0.4362125467334904,0.030163177847371023,21.0,175.0523560209424,3.613536041176456,0.969836822152629,5.0,5.672413793103448,0.29533376426811514,0.009037964946980935,18.0,604.719298245614,3.2667174365503704,0.990962035053019,5.0,5.7718360071301245,0.4299477969463789,0.08895115652986099,16.0,56.642857142857146,3.7813607803934466,0.911048843470139,5.0,7.3919753086419755,1.7131284861944547,0.1315861765837042,19.0,55.80680061823802,2.3687133838456225,0.8684138234162958
5.0,6.052132701421801,0.5791666684221453,0.03488118000546299,22.5,171.46666666666667,2.3502544046891307,0.965118819994537,5.0,5.8108108108108105,0.31207881297146517,0.005872712373668397,27.5,882.5555555555555,2.290727696646288,0.9941272876263316,5.0,9.256317689530686,2.215041748126978,0.07003550942365475,35.5,132.3804347826087,2.5094559078699787,0.9299644905763452,5.0,7.416107382550336,1.680673018082806,0.09054903031958482,21.0,82.00224215246637,3.153510285799978,0.9094509696804152
5.0,6.419642857142857,0.8283676492547144,0.019873956548178452,25.0,320.8918918918919,2.313399981419471,0.9801260434518215,5.0,15.930555555555555,3.5865288002441313,0.03170435071037647,52.0,496.4366197183099,2.8876263833761686,0.9682956492896235,5.0,7.7920277296360485,1.689927503524141,0.12427442091879043,24.0,62.640625,2.03971835237651,0.8757255790812096,5.0,27.95035460992908,4.136351134376906,0.10893360605893085,65.0,256.3142857142857,2.3776495202798626,0.8910663939410691
